,count,unique,top,freq,mean,min,25%,50%,75%,max,std
station,707520,22,Abrams (2092),32160,,,,,,,
ts,707520,,,,2024-10-31 23:30:00.000001792,2023-01-01 00:00:00,2023-12-01 23:45:00,2024-10-31 23:30:00,2025-10-01 23:15:00,2026-09-01 23:00:00,
sm2,629643.0,,,,19.270615253405502,0.0,10.6,16.9,26.5,71.7,11.46133587543006
sm4,601610.0,,,,22.33665929755157,0.0,13.7,19.9,28.9,257.4,11.371799654525335
sm8,610775.0,,,,25.10382055585117,0.0,16.1,23.6,33.6,68.4,11.888455277451394
sm20,583560.0,,,,27.809862224964014,0.0,17.7,26.0,39.0,61.9,12.40623131023335
st2,648706.0,,,,66.8140667729295,15.0,53.0,69.0,80.0,127.0,17.965252062829965
prcp,697383.0,,,,0.0032579801916593908,0.0,0.0,0.0,0.0,4.35,0.040487320053188114
tair,683688.0,,,,64.44794716303345,-112.0,51.4,67.6,79.0,113.4,19.600058075587093
ws,697321.0,,,,11.705683322314982,0.0,6.5,10.8,15.7,71.5,6.817292536126399
