feature,group
sm2,exogenous/structural
sm4,exogenous/structural
sm8,exogenous/structural
sm20,exogenous/structural
sm8_lag1,lag/rolling/delta
sm8_lag6,lag/rolling/delta
sm8_lag24,lag/rolling/delta
sm8_lag7d,lag/rolling/delta
sm8_delta6,lag/rolling/delta
sm8_delta24,lag/rolling/delta
st2,exogenous/structural
prcp,exogenous/structural
r24,lag/rolling/delta
r7d,lag/rolling/delta
tair,exogenous/structural
t3d,lag/rolling/delta
ws,exogenous/structural
hr,calendar
mon,calendar
st_code,exogenous/structural
