station,0
Levelland (2105),0.174
Lehman (2106),0.227
Reese Center (2104),0.26
Knox City (2201),0.268
Bushland #1 (2006),0.281
Centralia Lake (2094),0.305
Johnson Farm (2111),0.372
Kingsville (2206),0.417
Phillipsburg (2093),0.433
Prairie View #1 (2016),0.557
Nacogdoches (2228),0.57
Fort Reno #1 (2022),0.607
Uvalde (2204),0.802
Weslaco (2205),0.812
Beaumont (2207),0.831
Stephenville (2203),0.852
San Angelo (2200),0.943
Rogers Farm #1 (2001),0.954
Ku-Nesa (2147),1.128
Abrams (2092),1.813
Vernon (2202),2.223
