station,mean,median,p05,p95,n
Riesel (2199),46.307,48.1,31.4,57.7,21426.0
Centralia Lake (2094),39.221,40.3,32.9,41.0,31211.0
Beaumont (2207),38.112,40.3,24.3,45.1,20010.0
Ku-Nesa (2147),38.006,41.4,21.8,47.6,31784.0
Rogers Farm #1 (2001),34.142,36.4,22.3,42.8,32160.0
Uvalde (2204),32.114,31.0,17.1,44.2,22649.0
San Angelo (2200),27.547,29.6,10.2,42.9,25344.0
Vernon (2202),27.533,26.0,8.6,45.8,17111.0
Fort Reno #1 (2022),27.514,28.6,17.3,36.8,28033.0
Weslaco (2205),25.019,23.4,19.5,35.6,29073.0
Stephenville (2203),23.954,25.2,11.3,34.8,32027.0
Johnson Farm (2111),23.672,25.4,13.7,30.7,32157.0
Bushland #1 (2006),23.197,21.4,17.9,36.0,32137.0
Phillipsburg (2093),23.156,20.4,15.7,34.7,32138.0
Knox City (2201),21.536,21.1,15.0,30.0,25498.0
Abrams (2092),20.875,23.3,8.6,28.4,26360.0
Nacogdoches (2228),18.143,18.9,9.7,23.7,20760.0
Prairie View #1 (2016),17.445,18.3,5.9,27.4,31339.0
Kingsville (2206),16.399,13.6,9.4,32.0,20757.0
Reese Center (2104),13.838,13.6,8.9,20.0,32124.0
Levelland (2105),11.067,10.5,8.2,15.8,32128.0
Lehman (2106),7.891,7.8,6.0,10.3,32153.0
