station,mon,sm2,sm8,sm20,dry_hours
Abrams (2092),1,13.792204301075312,24.599148745519756,39.073101478494564,0.0
Abrams (2092),2,14.570612094395267,25.27700980392155,39.534338187525215,0.0
Abrams (2092),3,12.61323924731185,23.189650537634446,39.46190997968612,0.0
Abrams (2092),4,11.004340277777787,19.953518518518422,39.13078703703706,125.0
Abrams (2092),5,12.063491263440874,22.030808797445914,39.22370517928321,275.0
Abrams (2092),6,14.581903770565658,24.871213704227248,39.70273334938686,0.0
Abrams (2092),7,11.894522849462373,21.277620967741914,37.43975134408612,83.0
Abrams (2092),8,7.490288978494637,12.886626344086151,29.169690860215248,1279.0
Abrams (2092),9,9.219276556776554,14.283698984294713,29.052793040292777,1186.0
Abrams (2092),10,8.49439964157706,12.244825268817198,28.230286738350994,831.0
Abrams (2092),11,15.28166666666668,24.986597222222205,33.54157407407418,41.0
Abrams (2092),12,15.063127240143405,25.597916666666514,38.859184587814056,0.0
Beaumont (2207),1,43.99374999999991,40.95685163070908,44.93360215053755,0.0
Beaumont (2207),2,49.20401785714292,43.46459798350771,45.54203869047625,0.0
Beaumont (2207),3,45.97170698924723,42.3876344086022,45.782930107527015,0.0
Beaumont (2207),4,35.503125,38.637847222222284,45.488194444444495,0.0
Beaumont (2207),5,43.30955710955709,41.61338383838362,46.381138306138126,0.0
Beaumont (2207),6,47.787453703703704,43.46912037037031,46.82393518518514,0.0
Beaumont (2207),7,41.6936379928315,41.12208781362002,46.79050179211478,0.0
Beaumont (2207),8,28.01698028673831,31.69162186379919,43.24000896057368,0.0
Beaumont (2207),9,31.740368852458978,34.22459016393436,40.72424863387962,0.0
Beaumont (2207),10,23.733131720430094,26.290389784946285,36.67896505376343,0.0
Beaumont (2207),11,29.831458333333366,33.18381944444444,39.87645833333319,0.0
Beaumont (2207),12,38.37318548387095,39.287298387096854,44.19778225806438,0.0
Bushland #1 (2006),1,12.964348118279577,21.89018817204296,26.21310483870967,0.0
Bushland #1 (2006),2,14.577212389380561,22.195169616519177,26.221976401179738,0.0
Bushland #1 (2006),3,9.074159946236566,21.20406586021499,24.174663978494674,0.0
Bushland #1 (2006),4,9.455312499999984,22.853715277777788,24.267326388889103,0.0
Bushland #1 (2006),5,12.676248734390812,23.801206547418154,24.815086061424445,0.0
Bushland #1 (2006),6,19.17350694444441,27.32975694444446,31.331006944444717,0.0
Bushland #1 (2006),7,10.841733870967753,21.280645161290323,26.924495967741777,0.0
Bushland #1 (2006),8,8.649966397849466,21.32967069892475,23.913844086021452,0.0
Bushland #1 (2006),9,14.109249084249107,25.075915750915797,27.13507326007337,0.0
Bushland #1 (2006),10,6.416890681003574,23.76796594982081,26.432078853046505,0.0
Bushland #1 (2006),11,13.3577842227378,25.069953703703696,25.44407407407423,0.0
Bushland #1 (2006),12,15.446460573476722,23.9284498207885,27.972043010752934,0.0
Centralia Lake (2094),1,31.15161290322583,40.259173387096624,39.41805555555664,0.0
Centralia Lake (2094),2,32.30567846607661,40.42404129793506,39.4722549019617,0.0
Centralia Lake (2094),3,34.25678763440859,40.4940860215056,40.52181899641628,0.0
Centralia Lake (2094),4,34.027986111111126,40.492152777778,40.860370370370504,0.0
Centralia Lake (2094),5,37.64264112903224,40.710416666666056,40.88947132616469,0.0
Centralia Lake (2094),6,34.976944444444435,40.10520833333332,41.03458333333353,0.0
Centralia Lake (2094),7,33.75101676774886,40.03464145558321,40.92452646915978,0.0
Centralia Lake (2094),8,27.690770609319,38.484699820788435,40.5907557747602,0.0
Centralia Lake (2094),9,21.631712962962936,34.76657407407406,39.95388888888897,0.0
Centralia Lake (2094),10,19.675089605734765,35.3995071684588,39.29139784946205,0.0
Centralia Lake (2094),11,25.80712962962964,37.73208333333321,39.48175925925907,0.0
Centralia Lake (2094),12,32.39413082437281,39.203360215054126,39.32190860215114,0.0
Fort Reno #1 (2022),1,24.66441532258063,29.040423387096997,33.53141801075255,0.0
Fort Reno #1 (2022),2,22.996081147641885,30.910990025859142,33.97641765286025,0.0
Fort Reno #1 (2022),3,22.513020833333346,30.933870967741715,34.40349462365576,0.0
Fort Reno #1 (2022),4,21.16594683209888,28.974814772317245,34.29001863471244,0.0
Fort Reno #1 (2022),5,19.331833007175486,26.11520547945204,32.43074363992151,0.0
Fort Reno #1 (2022),6,15.613138803025903,25.368446289587226,31.350162240032667,0.0
Fort Reno #1 (2022),7,17.245911987829643,31.29534417347884,33.518321007776706,0.0
Fort Reno #1 (2022),8,8.255563655666705,23.443990237310008,29.973662542869608,0.0
Fort Reno #1 (2022),9,10.639296478074604,23.702235218952673,27.643617561785494,0.0
Fort Reno #1 (2022),10,10.308202329915012,19.830225257553977,26.108286070633298,0.0
Fort Reno #1 (2022),11,20.602777883880844,27.39235922659427,29.632003688941644,0.0
Fort Reno #1 (2022),12,22.774775985663027,28.67459677419371,31.060842293906425,0.0
Johnson Farm (2111),1,12.414852150537712,17.321404569892433,16.70030241935478,0.0
Johnson Farm (2111),2,15.140744837758106,19.358517699115048,16.51744100295004,0.0
Johnson Farm (2111),3,18.04062500000003,23.332997311827892,16.916700268817173,0.0
Johnson Farm (2111),4,19.38079861111114,26.129965277777632,18.492951388888926,0.0
Johnson Farm (2111),5,22.719455645161297,27.81327284946241,20.356115591397852,0.0
Johnson Farm (2111),6,22.990590277777724,29.23086805555553,22.295555555555627,0.0
Johnson Farm (2111),7,19.36723790322578,26.231216397849575,20.94072580645168,0.0
Johnson Farm (2111),8,18.809374999999996,22.77202620967751,20.501747311828048,0.0
Johnson Farm (2111),9,15.772115384615367,23.489102564102538,19.429441391941317,0.0
Johnson Farm (2111),10,14.845564516129027,22.65295698924727,18.957750896057387,0.0
Johnson Farm (2111),11,16.22828703703701,22.94157407407402,18.74875,0.0
Johnson Farm (2111),12,14.011245519713247,21.661335125448087,17.925089605734822,0.0
Kingsville (2206),1,18.123207885304662,15.750092065167204,19.67576164874555,19.0
Kingsville (2206),2,16.289136904761907,14.786979166666711,19.199404761904788,8.0
Kingsville (2206),3,15.41021505376346,11.954771505376273,19.423790322580754,710.0
Kingsville (2206),4,23.346481481481447,17.67909722222213,24.752037037037113,142.0
Kingsville (2206),5,21.13072373635749,19.66431113370617,24.91501737698907,0.0
Kingsville (2206),6,20.798159722222163,19.57322916666668,27.83048611111095,271.0
Kingsville (2206),7,18.55633044796174,17.801365173981743,31.097516288808144,63.0
Kingsville (2206),8,16.66698028673833,16.4353046594983,28.00017921146961,4.0
Kingsville (2206),9,25.419808743169384,20.58995901639349,33.66769125683083,0.0
Kingsville (2206),10,16.69637096774194,13.669153225806577,31.581922043010845,82.0
Kingsville (2206),11,15.439930555555575,11.506354166666675,26.98881944444425,337.0
Kingsville (2206),12,16.481250000000017,11.295217575191447,24.929233870967973,101.0
Knox City (2201),1,20.442370819015768,24.09737071890696,24.37899115964638,0.0
Knox City (2201),2,21.00354130016121,24.237411614364053,24.44782252042229,0.0
Knox City (2201),3,15.323348281016436,21.450436769340435,22.333094170403534,0.0
Knox City (2201),4,21.245766571091245,22.610970140268478,22.26170306965766,0.0
Knox City (2201),5,22.68381564513918,24.500386583512157,22.960916909570898,0.0
Knox City (2201),6,20.876319444444434,24.91281249999997,22.936875000000043,0.0
Knox City (2201),7,15.819472446236595,18.971477933629824,19.123219086021503,0.0
Knox City (2201),8,10.841481854838712,16.780758066959965,17.252587365591353,0.0
Knox City (2201),9,14.551098901098936,15.806695565181812,16.543681318681287,0.0
Knox City (2201),10,14.49507168458782,16.80480030478813,16.01265681003587,0.0
Knox City (2201),11,21.431111111111097,23.711644981016125,20.28087962962961,0.0
Knox City (2201),12,19.382078853046572,24.669444444444384,22.136290322580706,0.0
Ku-Nesa (2147),1,38.929973118279456,42.177620967741746,43.143615591397825,0.0
Ku-Nesa (2147),2,40.16720588235291,42.925018436578064,47.502433628318514,0.0
Ku-Nesa (2147),3,40.04516129032253,44.65979502688187,50.677184139784785,0.0
Ku-Nesa (2147),4,37.52203703703707,43.17110023250746,51.34735847217778,0.0
Ku-Nesa (2147),5,40.40836639019127,43.36758023800941,51.12326000721199,0.0
Ku-Nesa (2147),6,35.54694444444445,39.8191319444444,49.11666666666628,0.0
Ku-Nesa (2147),7,31.82641129032264,37.023319892473054,44.6675067204302,0.0
Ku-Nesa (2147),8,28.65907285290542,31.733198924731123,38.518850806451525,0.0
Ku-Nesa (2147),9,20.129297321399182,23.999816849816938,28.199267399267256,0.0
Ku-Nesa (2147),10,17.553024193548364,23.61823476702505,24.539829749103884,0.0
Ku-Nesa (2147),11,37.97916666666664,36.19134259259275,24.746527777777832,0.0
Ku-Nesa (2147),12,40.74536290322582,41.87482078853019,34.682616487455206,0.0
Lehman (2106),1,7.677374551971307,6.591095430107537,6.5187836021504975,2976.0
Lehman (2106),2,10.531960784313766,7.374410029498522,6.701327433628318,2611.0
Lehman (2106),3,6.952867383512552,8.24351478494622,7.3795698924731505,2873.0
Lehman (2106),4,8.539999999999983,9.084131944444438,7.981770833333298,1846.0
Lehman (2106),5,8.576939163498091,8.645965030262273,8.574949562878237,2418.0
Lehman (2106),6,8.994531249999994,9.07809027777779,9.211927083333432,2568.0
Lehman (2106),7,8.355292338709681,8.663743279569918,9.581334005376316,2726.0
Lehman (2106),8,6.531821236559123,8.311323924731202,9.764516129032186,2893.0
Lehman (2106),9,8.7477564102564,7.79528388278388,9.173534798534813,2184.0
Lehman (2106),10,6.720609318996412,7.208826164874559,8.601971326164893,2232.0
Lehman (2106),11,8.832453703703706,6.4304629629629675,7.6504629629629575,2160.0
Lehman (2106),12,8.109901433691752,6.303875448028656,7.040232974910328,2232.0
Levelland (2105),1,8.083131720430067,13.12469758064513,14.683131720430115,744.0
Levelland (2105),2,9.671755162241901,12.91869469026551,14.619063421828892,672.0
Levelland (2105),3,7.2623655913978435,11.178192204301086,14.707090053763446,656.0
Levelland (2105),4,6.3338541666666694,10.358854166666651,12.894687500000074,1345.0
Levelland (2105),5,7.1664991554054,10.170527871621616,13.384657939189209,1278.0
Levelland (2105),6,9.054375000000013,10.781736111111101,14.15906250000003,32.0
Levelland (2105),7,7.439667338709689,10.770463709677431,12.954687499999968,130.0
Levelland (2105),8,5.598924731182793,10.364717741935475,11.55403225806455,731.0
Levelland (2105),9,8.092719780219786,9.664972527472518,12.232097069597081,1408.0
Levelland (2105),10,6.488172043010762,10.213754480286703,14.24905913978497,1263.0
Levelland (2105),11,7.964351851851848,11.200231481481511,16.590231481481474,1439.0
Levelland (2105),12,7.901568100358426,11.821012544802883,16.559722222222142,1292.0
Nacogdoches (2228),1,18.221774193548402,20.316935483870978,26.57473118279575,0.0
Nacogdoches (2228),2,18.758965163934423,20.873155737704902,27.45922131147533,0.0
Nacogdoches (2228),3,16.04986559139785,19.702979390681023,26.823835125447996,0.0
Nacogdoches (2228),4,15.687731481481434,19.31723598888372,26.69462962962966,0.0
Nacogdoches (2228),5,17.026858600583132,20.26627626631276,26.881936345966892,0.0
Nacogdoches (2228),6,15.210138888888883,19.192311796495837,25.22861111111114,0.0
Nacogdoches (2228),7,11.427654569892502,14.430888986930237,21.81633064516128,628.0
Nacogdoches (2228),8,7.3846438172043,11.447849462365589,18.71038306451612,415.0
Nacogdoches (2228),9,10.762225274725271,12.445430107526867,18.16236263736264,158.0
Nacogdoches (2228),10,10.480331541218641,13.579973118279582,18.7750896057348,428.0
Nacogdoches (2228),11,15.900186505875991,17.721657458563563,24.176958231132296,0.0
Nacogdoches (2228),12,18.1122311827957,20.18884408602149,26.300067204301087,0.0
Phillipsburg (2093),1,15.480544354838761,22.99774865591405,16.890288978494482,0.0
Phillipsburg (2093),2,18.96135693215338,29.578502949852517,19.77083333333316,0.0
Phillipsburg (2093),3,18.99072580645159,29.568951612903287,24.878494623656035,0.0
Phillipsburg (2093),4,13.041006944444439,21.996527777777725,22.188368055555575,0.0
Phillipsburg (2093),5,13.716369168357009,18.482459770114914,16.94016768086556,0.0
Phillipsburg (2093),6,13.754652777777753,20.55527777777787,15.640000000000027,0.0
Phillipsburg (2093),7,14.109845430107486,19.645161290322577,15.181384408602014,0.0
Phillipsburg (2093),8,16.911760752688167,23.848118279569864,16.444825268817166,0.0
Phillipsburg (2093),9,14.960851648351648,23.088827838827804,19.796382783882496,0.0
Phillipsburg (2093),10,11.093772401433704,20.301881720430085,17.441263440860258,0.0
Phillipsburg (2093),11,15.42662037037036,23.31847222222221,17.773287037036962,0.0
Phillipsburg (2093),12,17.376568100358423,24.563082437276066,19.508960573476635,0.0
Prairie View #1 (2016),1,17.378639240506356,21.739516129032367,25.809032905427408,0.0
Prairie View #1 (2016),2,20.715980392156915,22.515412979351044,27.07270806928609,0.0
Prairie View #1 (2016),3,16.204121863799365,15.38444220430104,23.584677419354787,539.0
Prairie View #1 (2016),4,20.03442211055278,17.430729166666687,24.305555555555504,459.0
Prairie View #1 (2016),5,25.7710055719681,22.48366435261254,28.2416544477028,0.0
Prairie View #1 (2016),6,27.743402777777813,23.06593750000004,30.018048780487856,205.0
Prairie View #1 (2016),7,21.568884408602088,17.902469577666487,25.08148521505365,613.0
Prairie View #1 (2016),8,11.70769489247322,12.192248687928979,13.852788978494779,1403.0
Prairie View #1 (2016),9,9.285805860805832,10.373717948717934,10.629853479853493,1170.0
Prairie View #1 (2016),10,10.691890681003569,8.256182795698887,12.4912186379929,1688.0
Prairie View #1 (2016),11,15.396805555555535,14.627222222222237,14.152546296296308,125.0
Prairie View #1 (2016),12,17.395071684587787,18.506048387096772,19.438799283154225,0.0
Reese Center (2104),1,11.24983198924731,13.504771505376336,17.786962365591446,744.0
Reese Center (2104),2,13.802212389380541,14.641297935103252,17.737352507374577,319.0
Reese Center (2104),3,10.177486559139778,13.909307795698927,16.624731182795685,0.0
Reese Center (2104),4,9.303854166666667,12.251423611111093,15.67000000000006,31.0
Reese Center (2104),5,12.4790352457502,13.380794684651352,17.7393078652377,102.0
Reese Center (2104),6,15.022326388888908,15.382239583333323,18.079479166666633,0.0
Reese Center (2104),7,12.369220430107486,13.461122311827932,16.790389784946132,9.0
Reese Center (2104),8,8.807829301075262,11.316229838709674,16.53921370967719,571.0
Reese Center (2104),9,15.049496336996324,16.07216117216114,15.718818681318679,342.0
Reese Center (2104),10,12.39973118279569,14.055600358422941,18.123207885304765,21.0
Reese Center (2104),11,13.921666666666685,15.28745370370367,18.064074074074142,269.0
Reese Center (2104),12,11.955197132616478,13.942965949820746,18.355421146953464,744.0
Riesel (2199),1,34.079995974295095,50.40573090214097,,0.0
Riesel (2199),2,42.05846372688474,54.12152556630415,,0.0
Riesel (2199),3,32.54996913977104,49.17717313254281,,0.0
Riesel (2199),4,33.62607109592665,49.480082181833076,,0.0
Riesel (2199),5,42.367487249637364,52.66616194934922,,0.0
Riesel (2199),6,44.330206459005105,54.50084151535783,,0.0
Riesel (2199),7,32.019556451612914,45.49381525192913,,0.0
Riesel (2199),8,23.77054218529867,37.76091016725869,,0.0
Riesel (2199),9,28.26736733287389,42.283654532476795,,0.0
Riesel (2199),10,22.47788978494621,37.969557743397424,,0.0
Riesel (2199),11,33.99327526132404,44.642281722082046,,0.0
Riesel (2199),12,36.334879032258044,47.69555867227666,,0.0
Rogers Farm #1 (2001),1,26.18555107526883,35.83518145161257,42.84193548387124,0.0
Rogers Farm #1 (2001),2,27.902286135693178,32.16600294985272,44.90169616519163,0.0
Rogers Farm #1 (2001),3,36.5557123655913,40.49499327956994,47.8448252688175,0.0
Rogers Farm #1 (2001),4,31.911631944444384,39.719965277778144,48.568263888889184,0.0
Rogers Farm #1 (2001),5,29.632090053763385,34.1397849462364,45.714213539912166,0.0
Rogers Farm #1 (2001),6,29.553020833333374,28.663645833333295,37.66885416666655,0.0
Rogers Farm #1 (2001),7,30.34099462365601,33.026310483870844,40.131690115250244,0.0
Rogers Farm #1 (2001),8,28.904015456989224,34.09475806451617,40.90720234076112,0.0
Rogers Farm #1 (2001),9,25.882692307692313,31.480906593406473,39.85590659340686,0.0
Rogers Farm #1 (2001),10,24.158019713261673,31.350224014336934,35.35676523297484,0.0
Rogers Farm #1 (2001),11,28.164814814814747,33.450972222222276,36.7036574074074,0.0
Rogers Farm #1 (2001),12,31.9230734767026,33.30143369175586,38.07486559139794,0.0
San Angelo (2200),1,26.06724910394265,34.95824372759865,41.77320788530457,0.0
San Angelo (2200),2,24.898872549019657,33.67757936507944,40.22668650793679,0.0
San Angelo (2200),3,21.949372759856555,30.039740143369233,38.047983870967656,0.0
San Angelo (2200),4,23.650416666666665,28.265138888888934,36.09314814814814,0.0
San Angelo (2200),5,27.253020940611083,33.80414572864326,40.185720268006634,0.0
San Angelo (2200),6,19.417899305555533,22.79248263888889,33.21729166666683,0.0
San Angelo (2200),7,20.442069892473107,24.369455645161214,33.07930107526875,0.0
San Angelo (2200),8,14.014818548387064,14.498754331704832,27.964415322580706,11.0
San Angelo (2200),9,23.487362637362686,22.10005231925818,36.34693223443243,556.0
San Angelo (2200),10,20.247087813620062,17.082594086021434,28.134528489336418,512.0
San Angelo (2200),11,32.89856481481484,38.24715277777773,39.07909722222218,0.0
San Angelo (2200),12,29.225761648745504,36.89959677419351,44.13709677419347,0.0
Stephenville (2203),1,23.816565860215125,28.2870967741936,44.202083333333455,0.0
Stephenville (2203),2,28.878392330383495,32.36386430678456,46.91792035398241,0.0
Stephenville (2203),3,24.951377688172073,29.724865591397858,47.85924059139769,0.0
Stephenville (2203),4,22.1104513888889,25.529374999999956,46.89923611111092,0.0
Stephenville (2203),5,24.359122983871018,28.52056451612895,48.251797715053804,0.0
Stephenville (2203),6,21.336197916666645,23.15833333333329,47.16274305555542,0.0
Stephenville (2203),7,12.987869623655909,15.41159274193546,38.919926075268556,2.0
Stephenville (2203),8,7.732363452461257,11.88445344129555,32.67591281878436,165.0
Stephenville (2203),9,19.197446093028926,22.017457461280312,37.71072817915405,191.0
Stephenville (2203),10,14.469802867383514,19.472580645161305,38.55349462365615,3.0
Stephenville (2203),11,21.33000000000001,23.72745370370368,40.96935185185168,0.0
Stephenville (2203),12,23.20976702508969,26.85734767025097,44.48203405017898,0.0
Uvalde (2204),1,9.243548387096782,27.778091397849543,,0.0
Uvalde (2204),2,9.91391369047619,28.365476190476155,,0.0
Uvalde (2204),3,9.113172043010751,29.52829301075274,,0.0
Uvalde (2204),4,15.98090277777778,32.86090277777776,,0.0
Uvalde (2204),5,19.37269503546098,35.78210064167509,43.132608695652145,0.0
Uvalde (2204),6,18.255763888888925,34.57482638888889,43.021249999999995,0.0
Uvalde (2204),7,17.9578629032258,32.724999999999966,41.1450268817205,0.0
Uvalde (2204),8,10.566484459894067,32.6454381055258,42.33884408602167,0.0
Uvalde (2204),9,13.19678961748634,37.48428961748632,41.82499999999999,0.0
Uvalde (2204),10,6.980712365591414,29.76646505376345,,0.0
Uvalde (2204),11,10.576527777777756,29.403749999999995,,0.0
Uvalde (2204),12,6.4629704301075215,28.69139784946239,,0.0
Vernon (2202),1,23.15458685596544,35.333366531643605,29.11965699208453,0.0
Vernon (2202),2,24.869566331061,38.83384131134558,32.30080468178493,0.0
Vernon (2202),3,21.1745148498143,37.77140688259104,25.873225516621833,99.0
Vernon (2202),4,22.599321752405924,28.4647057415062,27.430153602577562,66.0
Vernon (2202),5,25.459205702647576,19.272918703647093,29.264056490582213,113.0
Vernon (2202),6,21.168697916666687,21.050416666666653,32.249375000000164,0.0
Vernon (2202),7,14.004771505376407,21.115762463343124,30.56145209580843,0.0
Vernon (2202),8,10.852217741935483,18.83463261648746,29.280661962365603,166.0
Vernon (2202),9,12.66684981684991,18.251707650273243,27.4540412052184,289.0
Vernon (2202),10,14.081630824372846,19.33548387096772,26.10927419354838,290.0
Vernon (2202),11,23.520509259259175,34.48638888888886,31.423680555555713,0.0
Vernon (2202),12,20.50224014336917,35.88736559139789,33.95564516129024,0.0
Weslaco (2205),1,17.23705197132616,20.298073476702506,22.649641577060976,0.0
Weslaco (2205),2,17.24681372549021,21.802401960784263,21.931813725490084,0.0
Weslaco (2205),3,16.429435483870996,22.374103942652315,22.800448028673937,0.0
Weslaco (2205),4,19.797314814814797,25.812962962962928,26.01296296296302,0.0
Weslaco (2205),5,21.41572007963285,26.902320813717388,27.402277341685355,0.0
Weslaco (2205),6,20.07697916666671,26.52187500000009,28.5184722222222,0.0
Weslaco (2205),7,19.072782258064514,27.750739247311845,29.345262096774263,0.0
Weslaco (2205),8,15.243716397849468,24.862264784946277,26.277822580645118,0.0
Weslaco (2205),9,20.357509157509163,26.75879120879116,25.30517399267397,0.0
Weslaco (2205),10,19.469534050179252,25.488396057347646,23.211872759856828,0.0
Weslaco (2205),11,20.23393518518521,24.902268518518575,23.52754629629635,0.0
Weslaco (2205),12,21.09825268817203,24.784408602150574,24.454525089605834,0.0
