feature,mean_abs_shap
sm8,0.24429671602835623
st_code,0.17659388392631795
sm2,0.16250497556034654
r24,0.15777777902914522
sm8_lag24,0.1290298403541674
sm8_delta24,0.11372452770834192
sm8_lag1,0.10891306323552669
sm4,0.09665368705916286
t3d,0.08427420953953757
mon,0.08160940549331433
sm20,0.06824073538307376
sm8_delta6,0.06564939342267252
sm8_lag6,0.06459083316537301
prcp,0.06142914593023459
tair,0.058753197012098475
sm8_lag7d,0.05740754194827055
r7d,0.05623306382532005
st2,0.023524904167939252
ws,0.02203452237230857
hr,0.014953991597058921
