,count,mean,min,25%,50%,75%,max,std,skew
ts,608379,2024-12-05 15:11:43.373390080,2023-01-01 00:00:00,2024-01-27 10:00:00,2024-12-23 10:00:00,2025-10-20 23:00:00,2026-09-01 23:00:00,,
sm2,589011.0,19.136878396072635,0.0,10.5,16.9,26.3,60.0,11.277167861030016,0.723
sm4,574971.0,22.250517173919974,0.0,13.7,20.0,29.0,60.0,10.935993967650353,0.681
sm8,608379.0,24.84504932410868,0.0,16.1,23.5,33.3,60.0,11.503065271452934,0.37
sm20,558431.0,27.828067185952673,0.0,17.7,26.0,39.1,59.1,12.519598453293744,0.225
st2,599154.0,66.53187494367057,15.0,53.0,69.0,80.0,127.0,18.06075032019381,-0.155
prcp,606912.0,0.003204863308024887,0.0,0.0,0.0,0.0,4.35,0.04047344620199813,29.373
tair,599256.0,63.91961115116077,-110.9,50.4,67.3,78.8,112.6,19.912240816973345,-0.578
ws,606907.0,11.911491052171094,0.0,6.7,11.0,16.0,71.5,6.874823955525615,0.914
